customer_id,umur,penghasilan_juta,spending_score,segment_label
0668fc97-97cf-4d31-8cee-5f6aa3ead634,38,13.43,7.83,high
2a04cd5f-b0f4-4770-96d6-0cd1d97ce40a,20,3.71,3.71,low
c8b7ed92-61bc-457d-88c5-9f70d78498fc,37,23.04,7.1,high
97cd4f83-07d0-4f29-9dab-7a170de45fb8,21,2.2,3.41,low
34139432-4ba0-4eae-8e56-dab108e6881b,41,25.17,9.1,high
fe92cc2a-408f-4207-adc7-04c32cb433f3,32,8.14,5.11,middle
36a45080-5ee0-4736-899c-a7bae4b7b4d6,20,3.59,2.36,low
ee67551d-fa68-45bc-b9c0-a33861f28c60,21,4.37,2.35,low
d2d60125-a7a0-40a0-a2e2-e4a16d49612f,24,1.79,4.39,low
1c930998-0339-443d-940e-011be7cfaa8f,43,26.72,9.19,high
e40b2859-20b1-4cbe-8d85-e81b8e0c2658,38,29.54,8.14,high
23c78fec-1c98-4be6-bd11-0f159d6f353d,44,27.1,8.86,high
7d5c3780-ab4b-47f9-833b-20f1fe5e3962,43,6.35,4.28,middle
7106c19e-dce6-4848-982e-0322bf3878b4,42,26.14,9.96,high
d76b5f88-101c-471b-b502-6015dd366ff2,19,2.64,2.81,low
cded4945-a3ca-4838-b388-bdc680b44593,30,7.59,4.84,middle
541e6bbd-6f01-401a-8fea-47670d774229,45,5.5,6.54,middle
3a969aa5-5ba4-41f2-970b-2e105ddbdfb4,58,17.16,8.39,high
647926e4-43af-474d-afd3-73c3830df584,45,9.82,4.88,middle
0112d8bf-6bbc-4187-8bf7-bfbf2fb9ce81,26,6.6,4.13,middle
4efdbf60-73df-4a00-82fa-9bebe70e7af6,37,6.87,4.84,middle
be02ed22-ca22-45da-ae8a-8dc78b317722,63,25.2,7.64,high
16ecab5c-f38e-4738-8113-f28317a31472,37,11.19,6.57,middle
206b5557-9656-43d5-995b-f9258b8f8b32,22,1.92,3.98,low
8e2899cb-7ce0-4841-aa84-6e3faf2178cf,43,25.7,8.29,high
0e1c1891-14e5-4c66-a9b7-e162eb751631,47,19.15,9.99,high
8202a248-2743-413d-9764-decbf5fea9c4,26,2.98,4.02,low
d35b1fa1-b0a4-4a32-bcac-0bbe0a2ae2ad,20,3.38,4.17,low
1dfe550a-1b4d-4dad-895c-d293c84c3519,44,5.44,5.53,middle
b44ec45b-a433-4a32-b252-a36b0291e979,41,6.76,6.21,middle
c9b76c19-b544-42f4-adc4-709086ff2e3e,28,3.66,3.73,low
f776e934-ad53-4c09-8ef2-2d36c5842e7d,59,17.54,8.92,high
5f2c3a93-c8e9-4a00-8ccc-f7b904964911,22,2.8,2.81,low
e12622fc-7529-4551-bca8-cfd081eb4fdc,63,25.23,9.92,high
3fd447ff-a005-4126-8583-e0c8b50cbff6,26,4.24,4.48,low
d11b86f0-a503-4f5b-b42f-5c5ea743552e,45,8.55,4.8,middle
6fb2933a-61a2-44df-a83b-be4ba2caa904,30,8.78,7.11,middle
c66b6feb-0232-4179-9f13-793717da0abb,64,13.01,7.97,high
6ec30207-e3d6-4df7-a423-9051f1637f82,19,4.29,4.51,low
708cb8d0-9b51-4faa-90b5-b51c60f30860,32,5.41,7.51,middle
479412bb-e349-45b5-8d3e-26c760cb51e3,19,3.7,4.26,low
f219ed6e-83d2-440f-abe8-5bc6069bd12b,59,15.14,8.98,high
6e2393f7-208a-4b6d-b4b9-726a1f9be648,40,17.51,9.62,high
a7016cc6-6cde-48ab-a95e-6d946f3e58e6,31,11.5,7.02,middle
782712a6-7b4c-4d2b-80d4-3ee90bf7fbce,41,25.12,8.2,high
b7cfafcc-c0ef-4eb7-a756-c3372f644280,55,19.35,9.7,high
88e5359e-a408-4409-ade8-5f953d46054b,28,6.74,4.26,middle
92cb9f7e-8033-46f6-a40c-23324048abf8,27,3.16,3.35,low
08174e26-df75-4f56-8c3c-ea01da112e18,19,3.62,1.24,low
5e4374c5-b125-4c54-9905-ec17abe4b763,18,4.08,1.28,low
816ba3b3-16ae-4c17-a61d-20bf5b0715b8,22,3.51,1.86,low
a2a13cd8-adb4-4b4e-b729-8de2569f362a,27,3.23,1.97,low
6970937b-9398-4bdc-8645-7f9f2a5554cd,38,6.33,4.39,middle
445eb8ab-2c11-4e3d-9555-dbd29beb5834,36,7.97,5.87,middle
3f17a396-8d23-4934-b5b5-3f57532b9dc6,36,24.45,9.95,high
4d6a5b5f-82c7-4e14-8b05-93e7ae7d9194,18,2.71,2.36,low
0739e000-df94-4ada-b53b-0bea73b5d8d7,21,2.07,3.15,low
50256eec-3e38-4d2a-8d53-3db0f3ada0c4,24,2.05,2.85,low
4c066f82-778d-4b5f-bc7e-99ddf847915e,25,3.92,4.42,low
9a682e66-4a36-4ba6-a0e5-1eca9ea91102,18,3.46,3.16,low
ba318e75-bd0e-4572-858e-3ed168df30d8,19,4.28,4.39,low
f9e9defa-076b-443b-a19b-ca7d9bb92320,24,2.96,1.85,low
45b5b6da-65d2-468d-a7e4-694b4f265222,26,6.15,4.01,middle
e66efeb1-c475-450b-8e2a-65b57ac0de73,33,11.49,7.14,middle
1eba1341-22c3-48a1-a454-7dbcb609cdde,38,9.88,6.92,middle
43938058-490e-4d29-951a-ae11c95dbfe4,56,25.21,7.46,high
ee4da6e5-0c5e-44c5-86a5-9fa42490d8cd,31,11.78,6.32,middle
6c6cc297-7e02-479e-921a-0664252cfb5a,36,25.72,7.17,high
7d33ee27-166b-4a15-a0c0-df7e254c635f,50,21.55,9.56,high
1c87da6c-5ccb-4795-89f0-8fc2f4531ef4,18,4.38,1.32,low
87088103-bfb7-416e-9ea9-efebfc2deabd,19,3.29,3.7,low
809d7667-91db-48f9-9a1d-09290e46abbb,24,1.86,4.56,low
1d94be7b-5934-4d9d-be2c-671cabe8a54e,27,3.28,3.48,low
96c2ca53-359f-48b6-907e-d236dfdc6986,43,8.96,5.27,middle
b7a173f3-6184-4364-a374-383819ce6cbf,31,9.69,5.26,middle
99f261cc-4d08-4227-811e-066c2938616e,37,5.92,6.58,middle
f60a60ee-e43d-441e-b81d-af20d33578a8,35,11.5,7.74,middle
d8c1b236-22c8-4236-8453-694d8be10d0f,25,3.36,3.25,low
5f3a330f-091c-4da8-974f-41c316388534,19,3.11,3.02,low
8459e863-0a8d-448a-bfe6-1f5abb04b97d,23,4.14,4.52,low
d41eb538-3833-48b6-9ce1-7877f8d0f495,34,6.1,7.33,middle
5ded6b24-21bf-490d-aaab-d5782052994e,44,23.4,9.96,high
01909ad2-8723-460f-bbbd-064cbfa34e32,51,13.13,9.45,high
931e10f7-51e1-4e6a-a1ed-207db91a4bc9,28,11.57,4.54,middle
4f0756bb-6c5d-47ca-80d8-39a3930e3f42,19,3.73,1.62,low
1bddfdac-d8c7-4eab-a720-7067f9c5b9a0,44,6.47,5.37,middle
0fc3fdc7-b22a-4687-a994-325b4bfa6b28,55,27.5,8.52,high
28985f54-f3d2-4ff2-a5ef-40f0ea3aac63,26,5.65,5.69,middle
727979c6-60fa-4133-8fa5-50d0e48e1095,26,5.02,7.08,middle
b25e56fa-70a4-4d68-b125-b88c5532a1da,43,15.75,8.33,high
1e57ec18-268e-48b6-b484-cba7c3976e29,48,22.54,7.34,high
875a48d2-116a-4212-b456-cd4a169dc135,63,15.53,7.11,high
0678993a-f774-4723-9670-9c4bae5219de,43,8.87,5.72,middle
936bd972-b1d2-487a-b381-8e4bbbec1b6c,22,2.59,4.73,low
a6606597-c0a9-48c4-a2cd-0f63b4347da6,23,2.13,2.0,low
b99fbe17-e4ea-4095-a912-941a23703b9b,23,3.84,4.54,low
534bdb4f-404b-40b2-a4cd-1a28dbc681ce,44,10.25,7.7,middle
0592c077-57b8-4ef0-9a48-84599f618eb3,20,4.43,4.24,low
7bb1df82-fc52-464d-b132-517e71c44327,25,6.26,7.7,middle
715784a4-8099-42ef-bd5f-03cbcfc938d8,32,6.87,7.15,middle
7b6227a9-c6d0-49b3-be00-b18e3fd28d5c,24,4.12,4.43,low
a8c92161-021a-453c-b71c-82b0dfdf8a95,21,3.95,2.84,low
7a9b7b5d-0531-4318-a3f1-bec987eb80e6,32,6.56,6.64,middle
2b0aaef5-a467-4f2b-99b1-182ce5753e4a,35,6.95,4.28,middle
fec1318b-94d5-4e32-bc2f-1403b461c2bf,36,9.49,5.6,middle
91d45877-7113-46e6-8019-32ede964dbd2,45,28.97,7.35,high
a9451f80-f4e8-46aa-b4be-ea7883c896be,30,9.06,7.93,middle
3697fe57-5159-4f10-9d3d-7fd344b1151c,19,3.29,2.38,low
d6fb158e-e278-41cc-9971-bd2b5c7a3922,38,9.24,6.05,middle
931ca830-a894-4464-b243-f038c67b3810,43,6.33,4.18,middle
cd5e9354-c2a2-4d25-abb2-23e64e8e66c2,25,8.64,7.23,middle
5567d5c8-6590-4f55-b910-67123692a98d,58,28.98,9.21,high
5829c39c-ee8b-4ba4-a455-f53b733291a8,23,2.79,4.8,low
b6453107-13d1-499c-9f39-99b0b502a147,44,7.2,7.39,middle
61c6d421-4a7c-4acb-9761-0ffad3db9b75,63,18.11,7.93,high
60113bb9-166e-4958-83c1-9da87b5d5071,35,7.82,5.18,middle
60cff274-8c00-4a6c-a5c7-bbe57daef8d2,21,2.76,4.76,low
b118da4a-c1ac-41b7-b000-d2298dcb2f79,58,28.35,8.85,high
8875fc77-7ed7-4b5a-b448-d364e25135ef,37,8.84,4.0,middle
3d66d26d-db81-44fe-a302-fe30c508d164,31,8.01,6.32,middle
3b358daf-978b-4599-ba31-e733bff60a8e,45,20.9,8.33,high
322d8753-1a44-4572-a6b0-9a5a13f29d98,26,2.92,4.6,low
b68a7b8a-719b-4dac-9cd4-f6eff726b322,40,24.2,7.85,high
b05e1bc5-d199-4bda-8b2f-d66659e67734,55,23.53,7.28,high
d917f1e2-4cd4-486b-bdfd-e493be63f1d7,28,2.43,4.23,low
9c09c189-6ef7-4158-b546-2b47fee2f5f0,18,1.64,4.94,low
ab0d643d-24d3-4424-8049-2dec0e9d8438,62,26.06,8.37,high
62208eb7-c435-45aa-8f55-b2bafa456112,53,16.31,9.09,high
9b7c3d00-6ccc-4020-85e1-30d0107708ee,37,6.71,6.62,middle
62a54d83-5dbf-4bfd-818a-56f25ae6404f,19,3.84,1.88,low
0d67abc7-2833-4ae8-9528-48b8347e359e,51,20.9,8.67,high
9d5a7b94-a369-40df-a2ce-602cd4f7cb40,25,1.9,2.86,low
18104ecf-1533-4bfb-9d6f-81d80cdda2f4,52,23.12,9.85,high
6c9a235e-978a-4ea1-a567-902299a7c5b1,44,10.71,7.57,middle
dd576f87-c94c-4a7b-a1ef-705f4b417067,42,8.12,4.64,middle
810ed7e0-88e8-4524-bb88-83d307d9f7cb,39,6.81,4.99,middle
c83ab00e-b107-44f1-b300-b25c21e255e3,43,26.02,8.56,high
b8544699-a67d-45f8-8d76-e2d8ab5cdfac,42,17.67,7.23,high
97481772-bcd1-41ba-acb3-857cc69a377e,32,6.9,5.28,middle
f2cb0191-216c-4862-b8f5-384e5d3e136b,37,15.35,7.69,high
36d1e549-3a37-47bb-9cf3-056dd8014d4b,39,25.01,7.19,high
16489e0f-d52d-4b5a-bb82-d42f860e4368,35,8.8,5.66,middle
4a2dcf17-5d39-4b6a-bb24-12cfeb6e18fe,24,2.67,4.08,low
65dce422-2f48-49ca-b228-62767a63d659,35,27.56,9.3,high
7ffe47d5-3f79-4b42-aa41-4ec6e6eeab9e,40,5.04,5.41,middle
fba75567-04c9-4ec5-8084-08fb58a890ee,38,8.77,6.94,middle
2edb9f2b-44e6-4c34-90cf-9d0a9c591053,63,16.75,7.66,high
a4627487-390d-403a-bdef-cc7d1e765c4b,40,5.2,5.34,middle
c13b7a9d-deca-40f5-ab7c-29423d2b9176,60,19.87,7.5,high
699027d9-3a66-40a6-98a9-9d787a9dff2f,29,11.87,6.14,middle
39f0e76e-dd7d-4e9f-a8be-6946c9e453a7,43,8.95,4.11,middle
52e3dd71-c708-4ae7-bb74-7fb4f217aae4,48,15.31,8.39,high
22e260ca-1bf9-471c-a0e7-da1ead32673f,22,2.64,1.85,low
c66f62f0-7127-4f01-97fc-4fd0fd1e6fa8,35,10.33,5.52,middle
17bc2c81-cbcd-4692-89df-bd1ef13379c8,33,10.84,5.88,middle
70608c9c-aedc-4317-bf17-1e5bd3e42197,52,13.89,9.86,high
dc41e9d2-20d7-4a4b-a903-51214f39e073,28,1.71,4.83,low
5b2a9866-7eba-45f9-851e-28ef4be8c146,18,4.35,1.8,low
5b2b89f6-d5d2-4971-ba0d-347919dbeaa8,27,1.96,1.5,low
77e4577f-f36b-4019-80fe-f0453fa35223,38,22.59,7.65,high
7344da99-ac7b-4b7b-a07b-34c676290658,43,26.04,7.5,high
5c66b9e6-94d6-4600-a50b-1a5738a50b31,65,25.71,7.34,high
d80b1a09-fb8c-4435-8b2a-a9af12d229f1,22,1.82,1.1,low
0c855226-784a-48c8-be9f-f0243a74d76e,43,9.74,7.83,middle
6daf74a0-b640-40aa-9a1c-342cbc7de086,31,5.53,6.76,middle
fd1160e7-0c05-496f-a3b0-770735fab805,42,14.73,9.32,high
a56719c2-f45a-48c5-9027-69c87368ac06,54,26.69,9.39,high
bc87407b-aa00-4c4d-81c4-b39c8db97b45,60,13.7,8.6,high
55f2ef25-eba6-4bd3-b870-4b31abc70331,46,14.17,8.94,high
26f1716d-77ea-460a-8ef9-ed097e457c22,24,3.97,1.42,low
457334c9-d826-4b36-bdd2-fe92b23ff11b,45,11.24,5.84,middle
aaec4cee-ca6f-4e54-9a41-56218e8c0013,24,2.03,3.09,low
721efa96-03f8-409e-9598-10c8631e47d8,43,23.47,9.76,high
cfb371cd-fa2c-4ecc-bb39-3da6b5b44690,39,8.05,6.92,middle
f2737fd9-ddc5-4749-af35-950bd6b19f17,35,10.96,7.32,middle
bb955750-f8bd-45b1-98bc-6a3dcf596381,22,4.14,1.98,low
a998092b-9f5f-494c-9534-e4a1095f0104,43,9.27,5.52,middle
d74095b0-9c63-48e2-846e-4649175a6352,25,4.05,1.73,low
7cf8c434-bd10-4a2f-b4e2-cabfa8e0616d,23,3.89,2.36,low
82a05cef-f0ab-40ad-8d97-14c6e50096aa,57,27.96,8.67,high
b27588ed-7278-462c-82cd-c0f308971c0e,65,16.25,7.72,high
3a46570d-02c9-4a57-876e-eea3f6c56a1a,40,8.89,4.96,middle
2dfe007a-7e07-4d27-bbdd-19245a8a39bd,45,9.98,5.79,middle
92b4ed62-8be8-4136-9e52-7000a93228b8,19,2.38,2.62,low
8db75b79-615a-4a13-befc-1327f0facc33,22,3.49,2.48,low
bb3bbfb8-66e9-46c1-9730-d2c0f00f2794,51,18.84,9.99,high
c92c950d-667e-4bc6-b906-4c41c1523b74,45,18.98,8.36,high
78b41c03-50d3-4bd7-872f-0fc1463cb6f1,33,6.61,6.89,middle
4b5cb80e-695d-4170-9573-95c492e00ee2,28,10.2,7.8,middle
522cb349-c4bb-4cb6-b9c9-08087ee8208d,40,16.26,9.22,high
b0981827-b222-4075-b1eb-8a6a72b1d84a,43,11.84,6.1,middle
b461f67e-1398-4da6-a8ae-c887b2ea5c3d,28,10.83,5.18,middle
aa03d4b4-6d00-4d08-8f79-5a127fbbb4f4,30,7.12,6.83,middle
6c013b16-d81e-4236-829b-4dacc9e0da14,22,1.64,1.22,low
11f14ac3-28d2-43a3-80d9-3b197fd9669f,29,9.47,7.01,middle
94edd1b7-3842-4209-8f1e-0c767942c191,18,3.22,2.88,low
5add84fa-ff4c-46df-9524-e74af645bc6f,35,6.29,4.21,middle
9a9d0852-5a42-4bd0-98bd-64edb88d84a5,28,10.75,5.6,middle
56e6ab01-adae-4909-803e-eb30aa5acbb2,27,3.39,1.21,low
ebe9b72b-edf4-45e2-89c3-c29a00e48257,27,4.35,1.34,low
e4cd2eb3-74b3-4aa7-a0ca-87d6c5e2a0a3,19,3.17,2.66,low
d1c5b338-f6e4-494c-bc3a-809d77bff901,60,23.51,9.33,high
60b8df57-202b-44de-aaaf-5b19119ec243,39,11.36,5.19,middle
2349fa4a-3dba-425c-a394-df5caed7b3d4,48,18.19,8.86,high
f7185cfe-b2a3-4fe6-8fed-39071c1d2c4f,65,25.58,9.84,high
c51df87a-0c97-4d1c-b4fa-427ec71607ba,28,2.13,3.64,low
5c0aa65a-7e3a-4ece-98b6-a9ccde36910a,21,2.02,1.3,low
ae2b06c7-66a4-4683-b448-d14a580a857f,24,2.85,3.38,low
0ebb1473-6bb7-4b3e-8a05-07f01905e1af,26,6.62,6.83,middle
c8bf320f-95cd-4196-9472-876bd61e3123,62,20.72,9.06,high
81e04d70-1f12-4646-81ae-1e54a562ceea,45,9.13,7.22,middle
fa42c563-8c1d-4a62-8625-53fa693c3435,24,1.84,1.9,low
f594290f-ae22-4f22-b279-e761e5a47fec,22,3.98,1.29,low
38a7aebb-caf7-4d04-9345-c3b4728e2cf9,22,3.29,4.3,low
f720b70b-8d4c-4637-a3fe-d1bff8f95477,39,5.87,6.75,middle
4e27c2f5-e2b7-4ba6-8f23-439813847ceb,47,29.03,8.5,high
7e132278-bff0-4946-b74a-9849bacf8d90,39,5.56,4.16,middle
75ce605e-55b8-4366-adc9-a4eeb1c5382d,35,9.23,4.1,middle
49759af0-47f9-411a-9c81-97a9239d372b,28,4.01,3.3,low
304d30ce-f15b-4e01-a25c-1883a56d49a8,28,3.96,3.3,low
7a9d5b27-1c39-45be-b99f-94f5a8121ada,25,3.06,2.77,low
0aa28767-216c-4787-91a2-632e39661c99,30,11.98,5.74,middle
c04d08ce-3258-400e-b9c6-cb762bd9bb5b,27,8.29,5.63,middle
5404792c-d8cd-4e27-b72b-1cdf594dbf2a,28,11.0,5.32,middle
335ecce7-8d69-493c-81d6-f8bfa24a7c11,50,17.9,9.84,high
9b811741-e012-4dbb-a7ad-a40baa4891a9,36,20.73,7.94,high
aefeaabe-f375-442c-9c5c-562f92870e76,28,11.79,5.62,middle
86f0fd9f-dc2d-49be-9820-34b067af3e5a,61,29.8,8.97,high
ba69b7b4-f3de-46e4-8adb-0791d5b7891e,49,20.03,7.56,high
1067becb-8ea5-4a89-bc83-c9e89f0f4139,44,10.3,6.5,middle
01a0020a-c02d-49e7-bec5-bb34d13dd35c,21,2.3,1.52,low
38c0c115-ca2e-4e16-bdff-33fc91f55427,39,11.17,5.94,middle
a9c0e318-449c-4a6d-a4b5-987b395c165f,28,3.33,1.96,low
318dd373-2f06-4e46-b9b7-a9fd0d0caf8a,22,3.15,3.21,low
fde087ba-2e7d-49df-9519-99c21ac22aa3,21,4.48,4.65,low
8a72e066-6b6c-4d62-86f9-eac81c663546,28,9.53,4.62,middle
1fcdd0bc-10cd-40e2-9fe9-51e9f9332ac1,44,21.65,7.82,high
30674a96-615b-4280-9b5f-c454925e67be,40,6.71,6.21,middle
a9f67665-a9d1-4333-bdb1-87aa3c45a9b1,31,11.45,6.03,middle
2a88909f-e9fd-4762-93a9-efc55b68ac8a,19,2.33,4.16,low
9d83958c-4deb-4488-b0e9-ccd8b1190258,35,11.54,6.03,middle
d88ab197-dda0-4358-a660-86595d8083a6,22,3.68,4.35,low
afc672e7-09aa-448e-b567-3664142a1ed0,56,21.32,7.45,high
4e8ccd86-253c-4830-87f9-ceed900b8207,50,18.87,8.66,high
9e33a754-da0b-4749-aa82-cdccaa6e0c04,47,20.74,7.97,high
1480a471-2b6f-413d-82a0-1e269ee85c00,21,3.22,1.93,low
c224e7ef-a49c-4a63-9aee-23a0fe5da667,26,7.23,5.89,middle
4c94bf4e-5ca6-46aa-9180-d6f0652dcab4,37,11.92,7.17,middle
77b73cb5-4ad1-49c9-8dda-9f800ad1c933,39,21.42,7.11,high
d382fc19-a3ab-4543-8e87-232741f9b027,65,23.03,9.61,high
58300706-45ed-43e3-a419-20c072c1a652,28,8.68,5.83,middle
6e54f20b-8492-4ba3-a87c-869fa628bd43,39,19.97,8.96,high
b118d484-c9d7-4477-8aef-9ef2c524fbb5,19,2.91,4.88,low
ac30fba1-506f-4756-9078-90546dd76d9a,44,9.85,6.6,middle
3df4234c-dc3c-40cd-bc7a-27fb816de5c9,42,7.66,5.27,middle
589dfd1d-e0cb-46b2-b6c2-def64fb186d4,63,25.91,9.62,high
1ce710d3-1f51-4fb4-b760-bbcd08375129,27,1.71,3.52,low
3370a8f5-3768-4e7a-befd-4b20733b9151,32,10.23,5.74,middle
54793571-0b74-4ba9-a841-52cfbbf74734,28,3.61,1.4,low
8fb4059f-815f-4dbc-8373-7ed8fde21ca3,22,4.21,1.18,low
aa68e49e-b2e0-40b4-bb34-9af5889ed553,22,2.58,2.72,low
a94c8343-75a8-42d3-87e0-1767fa89adeb,26,2.74,3.73,low
786a3685-ca0c-405f-ab62-4860cbd79697,20,2.03,3.44,low
a8b8a34d-da12-47ec-a7fd-d49c7307026e,44,9.78,5.99,middle
6254cf75-654d-4d4f-a2fe-47bc3510b42e,39,16.95,8.91,high
f846ad0c-63ed-41d4-b9ef-30c83d391922,33,9.67,7.6,middle
8f046b6e-35e8-4d9b-b688-5b88d3fe27c4,34,9.74,4.63,middle
c191d4e5-8258-4cdf-8b49-794198e6bc64,36,11.91,5.2,middle
7ed63ef3-4a84-4350-af81-5b06f37cb13b,33,8.2,5.21,middle
f0a99b71-d45e-4fff-99e8-6c640f15efcc,40,5.75,5.53,middle
efa30a3b-46fa-4304-b9ce-98e003b77a19,43,7.07,6.8,middle
43cf5765-7a05-48dc-9ca9-04ef56384662,28,2.69,1.03,low
106fd4b4-c23c-4059-a413-b2f0985daa0d,59,25.66,7.15,high
022c3be3-3bae-4911-87b4-6ff09160ee97,58,21.44,9.71,high
dd607107-fc86-45b9-9685-3d57d89ad301,32,9.25,5.41,middle
4f4a1d58-b171-476b-b344-d0bab51b0ffe,41,23.56,9.03,high
5c48327e-c6bf-4443-97cd-8e10878455a3,59,24.21,9.52,high
63a080d4-de95-43c9-92fc-e277a20d4323,38,28.36,8.94,high
67a3e9a3-c677-4746-90e6-2ec90d84604a,39,5.23,5.46,middle
b2088e55-bb9e-4953-ba9b-50e03ec829a3,19,4.23,2.31,low
918105c7-9f5e-41e9-91d8-dc4dea41423a,30,6.41,7.15,middle
1d433a64-f20a-4f37-aa81-d4f4f6272681,41,8.51,5.09,middle
9dd7e2a3-4568-4a04-8fdd-ccc0f769be0c,22,4.24,4.78,low
2372b5d4-a204-4a16-8c26-d86b0d8ffb2c,35,10.63,5.87,middle
e3299242-e421-4d04-b49a-179319e8cc16,20,3.76,1.9,low
4d9a699c-bf6b-44e1-91e7-1ca3182de12d,58,24.46,8.19,high
c676c1b9-e794-47b1-baba-fbb59971aaed,46,14.54,8.18,high
4a4437a3-ec70-42d6-a605-9866b255b99f,42,5.87,5.47,middle
2d9c43ca-8625-4f40-bbf7-1db206170bce,56,17.46,8.14,high
ce4ef688-e19c-447a-a083-a60b1567e93b,65,19.32,9.02,high
d403cf4d-3957-4ce5-849a-40b505db0bf4,25,9.34,7.77,middle
3c61574a-96b7-4e7e-b5eb-7c7c6be3bca4,44,6.55,4.25,middle
8cf931ce-28c7-49cb-b549-3ab3ed6ea263,34,9.54,4.47,middle
d2389582-2053-4f54-af17-fdaef45497cd,18,2.41,2.97,low
d75b9864-b1f3-4ba3-89ff-eb277437e9ef,21,4.16,1.54,low
4522667d-d1de-4b77-a95b-774db29f0398,36,9.69,6.97,middle
b2ee2b10-21f7-4b7e-ae96-6aea87447f96,48,22.98,9.18,high
f1a690fd-b4a0-474a-bd73-83e69d646e55,45,5.69,5.96,middle
7089f3d8-5a93-4adf-9090-0a4f4f2e46c0,33,5.23,5.48,middle
34cdcb64-4190-47d1-aba5-2448485c1b54,39,11.65,7.42,middle
62bc991b-32a9-461a-ab85-3cd0081bb7f7,28,2.6,4.61,low
e0dda96f-0e03-471f-af10-e034fdb6e8ec,46,14.03,7.83,high
f7162917-baf7-45ab-8030-8165efe678e2,25,1.78,1.85,low
0188c4ca-20e2-4451-af34-d3f5597f660e,54,29.51,7.15,high
630096ca-5f60-4f53-9902-05a0fc846476,32,11.92,7.15,middle
d36ed1ed-c7cf-467c-bc82-ebcb7e77f70b,19,3.99,3.22,low
3ce593e2-a404-41f1-83a8-b4ea58cfaa08,41,26.82,7.7,high
a97fa46f-09d3-47da-8b52-dc9ef7a35cda,27,1.51,4.43,low
b152d71f-7ef3-4e9b-a93e-38b935e6512a,20,3.12,4.19,low
4f7073b8-fcef-468c-83dc-bf5150cd69e4,28,4.1,1.53,low
ee41787c-383a-46dd-a6b9-a893bbb2d01b,32,9.12,4.06,middle
413831e8-c7d5-4486-a9cf-24a8079b1905,26,5.89,5.68,middle
58c641cb-5760-444a-80e2-1f4e7dc131c6,19,2.93,4.11,low
518e8f5a-61e9-41c6-b3e3-4c73805dead6,53,14.85,8.51,high
f0437eb5-80dd-43c9-a89d-e38c9485d843,36,25.36,9.73,high
7988c4d0-8577-40b8-a913-a5915e55febe,51,18.13,8.93,high
72c02d48-40b1-4033-95c3-89e9236739f8,18,4.5,4.39,low
78e43fdb-059c-45dc-9d2e-a79df9b383d7,28,8.43,7.64,middle
2cb39f77-cb9b-4d33-9a11-61d6c5ce131e,19,2.47,1.59,low
98279b2a-73fe-486a-a5c5-e440ea68326a,22,3.37,3.34,low
1a119993-470a-4acd-b554-c620569bf150,45,19.48,8.79,high
07907ae6-0331-4574-92bb-694c07cbd48d,39,8.54,5.72,middle
8768b634-dc8e-4dfa-8393-7aab23d135ae,38,27.5,8.95,high
1328af3e-5806-48ca-b9c9-5cb56cf488e8,58,27.71,8.29,high
8bbd875b-d551-4df0-837f-408b16783ddb,24,2.52,2.81,low
30856be2-fc90-464a-aa58-2fd6f3aa9697,28,7.19,5.25,middle
455ac333-8222-4510-93ba-4d59d9c0751d,36,11.68,6.75,middle
10781dbd-7fd0-484d-b63e-6092d845e1d3,27,5.64,4.34,middle
d92f07a6-59f3-43eb-9366-97fdb18391bb,28,10.21,5.49,middle
d8e1f023-9ba9-4a5c-86cc-65cf5a8f4ce3,26,1.68,4.83,low
f17b4492-9394-4f6f-abe7-54566c75b3e3,45,24.39,8.23,high
4860c5c9-5002-468c-abb7-583abc12c032,65,25.75,9.6,high
968043a0-4200-4ba5-b930-3ef603401804,36,29.46,8.8,high
e7e5d7fa-1f57-4fc0-98ef-95e3c2b9192d,28,9.05,4.85,middle
c95e7e09-79a6-4b50-81ea-1b2a28cb03b0,50,16.81,7.32,high
7b599f12-f5b8-42c6-8146-ec4005c5e090,46,14.95,7.84,high
5fcc5905-4481-4886-a953-a9700e5a68b9,24,4.04,4.9,low
f7b554aa-879a-4cc6-8109-524ef5d1cef3,54,24.47,8.67,high
05da6b93-c7b8-4d51-b47f-5330ee9cff93,64,24.18,9.08,high
3853af1d-4349-456a-b5bd-eed7b8598feb,20,2.32,4.05,low
ed9fec49-87a9-40a1-8c10-71f166f11ddb,36,5.04,7.48,middle
cb0e9875-1659-4a25-9994-b45d8c33033f,56,19.81,7.43,high
1c02858e-4a65-4a40-9ac0-60e73afc1f65,35,14.56,8.59,high
296b9efd-3865-46aa-a01f-79626a78b549,38,8.18,4.63,middle
7aabb3f3-eee4-4fa7-822a-a05aa52054e3,35,10.44,6.27,middle
58e1f4e0-8945-4cd4-96ee-a1be82c85909,18,1.97,4.02,low
3ac0e8f8-e08d-4231-9cb5-dd47964599fb,28,1.74,2.77,low
c247d289-6748-47ac-bf16-249c88dbf6ba,40,9.25,5.66,middle
0fa5f7e7-8c40-4c11-a917-d2b21eeb4613,26,1.84,2.72,low
d3258fac-70b4-4b56-adfb-2395de491b3f,43,8.41,6.67,middle
770cd681-8eb7-483e-9ff5-01b627bfce9a,21,2.69,3.4,low
a5e8bb3a-c524-47bd-9fc3-af2ae8416599,21,2.4,1.84,low
0551abd0-707d-434c-816b-3adc223ed91c,22,2.37,1.48,low
de6f924c-d310-4c1c-b974-5bfe1f37122a,38,6.23,5.52,middle
2faad31f-abdc-4076-b3a7-8f3ae08384c5,42,21.5,9.5,high
7dfedf58-2873-474e-a10e-1eb7cfb9e570,27,7.78,6.97,middle
cd92982b-a79b-4471-8609-153246c4dcab,25,8.22,4.31,middle
60c8a5a1-b26e-4ecb-b041-74d37ac9dec3,43,8.0,5.62,middle
1aa86488-d132-4fa1-9db9-f89b6d34c1ad,48,17.92,8.22,high
8ee44305-39b6-47f3-a14b-5c147fe6a90c,30,10.61,6.47,middle
234da032-c110-4870-8242-24de9f6a9ad5,64,19.15,8.31,high
48a5a83c-f2a1-4b7c-9c9d-34f020e57c79,21,2.81,2.6,low
e7e86476-1ec7-4e2b-884a-ed3d16c413a3,24,4.11,3.98,low
63ff26f3-0d63-4865-9093-4e88b5b2fb40,23,3.84,1.31,low
f1c79e39-918f-44fd-8de4-6afed9dbd38d,38,22.02,7.58,high
3ab86c20-5485-467a-838b-efbe5df25171,36,10.09,7.28,middle
f6f51dbe-e79a-4f06-b321-d8778adcafce,21,1.81,2.02,low
707026fd-a4be-4bfa-881f-ef262a78f313,27,1.96,4.04,low
4242328b-f7b2-4eff-ad9b-e18982a4964d,20,4.35,3.51,low
04b49bc1-61de-4e0d-9b9d-4ce9ee69be1e,43,10.32,5.8,middle
b88a3a8c-4dcb-48a3-b8c9-e9758ea66f82,55,23.8,8.87,high
7ac24eca-2ded-4c60-b5d9-f284799843e5,45,15.57,7.2,high
d91f4d01-703e-4543-9bd3-b8ccafe56f68,45,7.12,5.1,middle
5d4e440e-1d33-442b-af65-a0c23bafddf5,23,3.02,2.24,low
3e935439-db5d-4a23-a451-3cddc8666acb,26,5.4,7.33,middle
1503f516-77ba-429b-bddb-fc48c4ad963a,28,4.09,4.42,low
8198fdf0-3cd6-459f-8551-5dd06fd42f0d,54,21.62,8.39,high
87b1b04c-6289-4492-9604-112949549b03,65,26.46,9.69,high
c2d6705a-e091-4a08-b084-5e9cefb9554f,43,9.56,5.29,middle
57be79f2-f261-4420-b8d7-35e6c80450cd,41,6.06,4.25,middle
41b5cc3c-b7ac-4f4e-89f9-c806ba7fcdf4,23,4.45,1.34,low
9691da3b-3a55-4bb1-8cad-1490a4b3f788,40,13.67,9.12,high
15bb999b-5042-4313-870c-08957afdba2a,41,8.66,4.63,middle
f0680921-b9df-4f8a-82ac-a260980997a0,34,7.71,7.1,middle
c67fd6f0-7f27-437d-a056-bb2c0f8a85ac,54,13.89,8.89,high
31e21438-eb5d-479a-920c-b8cd9830ab05,27,7.31,6.23,middle
de4ce689-9279-4b34-92b4-05ed4e3061bb,34,6.76,7.41,middle
b5b6ce5f-70a7-4f7e-9dbb-2aa393f2dcd2,62,15.56,7.24,high
6c5390ad-36ba-46cb-b1a1-a688b680ea5c,39,28.58,7.93,high
ea91f4a7-c2e7-4878-aa62-fabe86e86b81,57,24.26,7.39,high
322d29e6-24d8-4e9d-a1de-b40b61707cc6,65,14.44,8.68,high
aafd4058-d5ab-44c9-928b-534e87e9ba91,60,18.58,7.38,high
27fd2b04-d8d6-4d96-9a5d-fa5eccf660e5,61,29.1,9.99,high
24eb01ed-2d91-425c-9974-825941b3b780,37,23.98,8.27,high
140e881f-e6d0-4aff-9ab6-b3a7428a974d,25,7.54,4.72,middle
1205e2ba-14a9-4f91-bec6-ad8981c0d208,23,4.34,2.95,low
acf781f0-9d9c-4351-8140-c2913d89242b,20,1.96,2.18,low
3cd0566a-775f-4463-a17d-d70cd02a695f,26,3.81,4.34,low
02df3666-7c3a-4cb3-b28a-842aa827a5a6,36,24.25,9.63,high
89354e5c-ad67-4f85-9e01-af6f06cd01e4,39,23.15,7.46,high
aca5d296-c371-455e-a080-28b6e0e75bea,27,3.93,1.66,low
af6737d3-e848-46ea-b32f-59ef7f09b9d5,26,7.88,6.71,middle
0c8e0b76-8482-41cb-b602-eba72b4de89b,25,3.33,4.01,low
f8e84eb5-dff8-4f43-ab26-50dac8e67852,32,8.74,5.24,middle
2b23af0d-db10-4070-9cb0-64e506bb9c45,31,7.57,7.79,middle
98ec3a2e-d06d-4d60-9980-0abc2f32bfb1,39,10.39,7.11,middle
29a39739-9875-457d-8c46-59262e8cfe2b,51,20.12,7.49,high
03dc0700-81f6-4f39-a1aa-8a333346b993,27,1.92,2.0,low
3ab3a8c1-f826-40a8-9c88-0f1e71919f93,50,27.86,8.66,high
eacda91d-9658-4e04-b2cb-5307c8a8bf40,26,4.05,2.14,low
e4770364-a614-4343-bac9-9842c4ea41ab,22,2.85,3.05,low
be331980-820d-4422-be84-472934a86393,27,11.62,4.89,middle
b501b61c-1b75-458f-b6d9-d4d4848b419c,36,11.51,5.66,middle
52803075-cf1a-42dd-9217-58c215956b13,41,7.62,5.54,middle
0ebe492b-9fad-438f-93cb-7f189e16fee9,23,2.17,2.27,low
8a1cb2c8-1c36-4a96-a467-9cc1df934613,28,2.51,1.58,low
f589ecc0-1ceb-4184-b4ed-b3a33efd1de5,22,4.25,2.89,low
2c7160a4-0fc5-4b98-a56d-37ba9c40f098,25,2.85,1.02,low
803b65c2-3877-4587-a73d-873c76802b2b,18,2.27,4.34,low
35c70a21-dace-474e-807e-d13143498cc5,65,25.36,8.58,high
cc4e44de-2fd5-4609-894f-2b2977b1cd48,22,2.21,1.49,low
40d93366-b959-40d0-a99d-3ae751fdfe61,24,3.42,3.49,low
2587293f-84de-4b67-a6de-bf95a997ceac,19,4.01,3.0,low
01421366-5e25-458a-9023-c9c589f31fca,35,23.74,8.73,high
dc0457a1-0045-4e9a-b0f8-72536d2992d1,39,17.95,7.0,high
691d1fb9-25fd-4940-b2a8-c7844338e2ae,32,8.99,4.75,middle
740cd497-4389-4627-9767-267e5429edc4,37,21.9,8.08,high
e0d8a738-a888-48c7-965b-55606ab40548,52,21.62,9.96,high
7b0e2ef5-debb-430a-bf29-58735c4f581b,35,19.64,8.41,high
159c1863-c194-4bde-b992-bd1c290e9e35,47,29.68,7.76,high
f7c80d35-3cb3-4a9e-b0e6-ee12985014f4,23,3.87,2.38,low
903fa9bf-2553-4045-800d-a1e5ec069574,56,23.68,9.31,high
d2f8dd96-f4b1-4385-9ae3-47721e775992,59,18.65,7.13,high
8f492698-0cf0-4afd-87a5-68759e270869,45,26.83,7.53,high
a8c173d9-1d17-4b49-bde9-81aee45ef18e,49,29.67,8.44,high
9bd105a4-8b9f-46a3-a264-69266c850a76,20,1.69,4.1,low
1c79fcb8-e51f-4c49-85ac-22058ec29df7,26,7.05,4.18,middle
f35a5619-b09b-43ed-b60c-5bbcff11eadf,18,2.45,2.24,low
69d97304-23bf-401b-a88e-4f2839bb4ec7,42,8.31,4.15,middle
1cc6caa5-faa0-4cd9-982d-5d836d7aea70,41,17.86,9.59,high
7aed22e6-5fee-4784-8aee-a040d1d15bec,28,2.5,1.5,low
118e4372-245c-4f85-b6c3-a510d3c4da6c,38,11.23,6.97,middle
9fe50a82-65ff-4564-aa2f-b8a5282a7540,35,11.82,5.98,middle
dd237a83-7cbd-4565-a69c-07211ef78fce,36,11.47,6.08,middle
fec116fd-9cd4-4c58-9800-c73af691e80e,24,1.74,3.41,low
b96014eb-af98-4612-8563-d173af1a5ef3,26,2.38,1.41,low
b9bb5993-9633-47e9-9dd0-eaedccd3b71b,34,7.15,6.41,middle
44f88ac9-6143-4594-afda-283da56db96d,30,9.83,5.41,middle
4f5df42a-a0b5-47b2-a914-a69b9c904631,23,3.34,2.74,low
c0f78069-61c0-4b0d-88e0-0772a7a9e39f,60,29.11,7.23,high
301271b4-1e0f-4044-ba02-0cde563d0927,47,19.18,9.4,high
f6b6047f-7685-432e-a6a5-056216429f9e,40,29.2,7.43,high
d2287a45-550d-4d24-ab92-f91e2bd33ce2,56,26.28,7.1,high
b9eaec23-0ebb-4a29-bc31-1bc2e9b8d73b,21,3.84,2.47,low
48cc3cb4-e2da-4a95-92c8-57fbe36fc87d,43,5.23,4.61,middle
32448a7e-11dc-444d-a8f7-c71ae1ede2aa,36,7.6,7.05,middle
b9a4663a-75e1-49fa-b93d-0bcbf240f66e,39,22.0,8.19,high
6a3ef9d5-5c70-4746-8585-2b6cfc061e6f,43,17.24,7.34,high
847e4f3f-b38f-4b49-89d4-c6866290803d,40,21.48,8.16,high
0ee311b8-37dd-4abf-bede-6c610839517c,38,17.45,7.78,high
19d09f1d-7395-4ea6-a01a-e43e4580ffca,31,11.97,5.14,middle
a03cbbe6-d3fe-4b68-aca9-7ad0ab290bb6,31,5.86,7.41,middle
2d8902f3-0fd8-454e-8461-381bf6745341,30,11.29,5.78,middle
9bec5c19-6fb2-4da5-b74d-45e4a51504d7,28,4.4,4.95,low
2b88623e-0300-4f1b-9c66-910e9e5f447c,46,25.06,8.65,high
28313094-e585-4377-acb6-3c9749a2f94e,34,10.96,6.85,middle
625a29ff-e6c4-42e9-b92c-1039f4350a2f,55,15.96,8.08,high
b9a02f43-c20d-46e0-a8ba-be9185c80c2f,19,4.46,4.17,low
dabfa331-e8bc-4b5e-93f1-b414a73a3b7d,25,1.58,3.22,low
51320942-7870-449c-ad31-3c896e4f8f3d,39,10.63,6.21,middle
e0c1a840-c68f-482d-bf31-4aa8b39c11fc,63,14.47,7.93,high
b7b0accb-7334-4790-9210-641be45a2d1f,58,21.14,8.23,high
827d7591-1440-41a3-818c-5d7ea0004fd4,43,5.52,7.89,middle
ae36d473-aa8b-4371-8c69-6b391d382974,37,20.65,9.04,high
361dd63d-8d4b-434e-af38-9c44fc31dec4,29,11.15,7.12,middle
905ea2b2-a0d2-4ba9-b4b2-4cf54d6eca39,53,16.09,9.9,high
5db950b5-ddb0-4a77-91b0-49d644640d84,41,11.37,4.22,middle
305b2c25-8a4b-4d17-bdd6-491c25f8de75,26,1.96,1.66,low
c87f1f35-a834-4b2a-a617-1b6690979042,32,7.42,7.76,middle
2d43cecd-1f04-4f65-91b8-64d2f2dccf7f,27,6.75,6.54,middle
d64bd477-0516-48e0-9339-96d60c96a68b,43,15.13,7.91,high
c0d99aa0-253e-4ace-aaf1-6c49c343d154,37,21.54,7.51,high
8743427f-4511-44c8-a5ef-bac1c41d6e7b,39,15.91,8.87,high
fc2c7f8a-5b52-4b51-adda-ff6613ff6c96,45,27.32,8.69,high
970d02a2-beee-4103-8833-82ab76de909a,19,1.64,3.57,low
60f4b0fd-9012-43ff-8030-9f73a6c5ac7f,43,24.07,9.3,high
8139fdfc-c31d-45ec-a51c-e7b9719a1989,44,9.47,5.99,middle
5e0e55d5-d57b-4f78-a38c-a85e28c064b0,52,17.92,9.87,high
3ad651f2-8367-4e69-ad60-869b5b767eaf,32,10.63,6.74,middle
97273b21-57f7-4e5d-993a-64e45a08c2a4,39,5.51,4.24,middle
6f33aeac-2231-4e69-a008-925634de0d03,38,8.39,4.82,middle
79f48634-bf7c-47d4-89c1-a9a8a7732809,39,18.31,9.16,high
f0e4ef34-d0cf-48d1-9484-a436faf302d8,62,18.87,8.2,high
5f6aaddb-13e0-4a3d-b7ef-4b2cdc31bc64,41,8.93,5.28,middle
3805165f-a004-4efc-bb97-bff87b671378,28,6.87,4.99,middle
80536ac9-8c48-4aa4-a92f-9c6322cb352c,18,2.37,2.54,low
e18b3e6a-98f0-49bf-be83-e0fdb6184a34,48,17.22,9.6,high
20c69ac1-c5bd-45e9-b9ac-1d0dcc00e4e7,23,4.3,3.88,low
f8514375-b0c9-4ead-9050-6aaa57ee93b0,20,2.99,3.06,low
5e8a3c8d-f70e-4662-a39b-4464593698d8,34,8.48,4.36,middle
4f83b657-00c8-4f15-bf05-b74da38a9f45,41,8.2,4.96,middle
f1528fd4-c5b5-4d4c-927d-e1f080c6b249,46,13.83,7.84,high
5d375824-1baf-4a35-ad0f-c277e8dcdae0,63,27.33,9.02,high
213fa5a4-68bb-4d96-abc0-222a65cd8506,42,5.06,4.43,middle
3f9ff1e4-9d5b-4726-b2fe-1bf24b1125fd,22,3.68,4.06,low
75449c97-42f4-43b2-8e04-062a95031d2b,26,7.8,6.28,middle
9427d625-bf94-4fd9-aee2-0c855f4ab17d,23,3.16,1.29,low
6489af25-c059-41cf-812f-94bfebaa0510,49,25.99,7.84,high
59a9f34f-c392-483d-885a-7ab93f7c429e,56,23.39,7.39,high
f2e5c397-6245-443c-b4a3-5d23f4c74993,24,2.62,4.95,low
b961c578-9d3f-4165-9d7f-fbd83c2696ee,65,19.22,7.43,high
a5f1d1a0-77da-4aa2-973d-1dc5e565b923,51,19.82,7.12,high
410006c6-7476-4f95-8569-d72285589f60,20,3.64,4.22,low
c69e45b9-6686-4bfb-81cd-7c905067a53c,49,15.53,9.68,high
e07133f6-bb32-4407-a6cd-28165cd16aca,23,4.29,2.27,low
c1e08904-db29-45b4-889b-d4c32f37a1d4,44,10.18,5.2,middle
6c758ade-9f47-49e1-a6ed-1aa0dca19210,41,10.8,6.13,middle
0f98f85a-f1b5-4d4e-8a6f-c37bbf3907dd,53,18.1,9.45,high
391c028d-d974-4f3b-99c4-1ce276f0a758,35,9.72,7.92,middle
44bb47c8-05fd-46e8-9d79-e471ac83b675,44,26.54,9.18,high
752f7ce6-cd30-4dc3-9f0f-390c89c41f45,55,13.45,8.42,high
896526ca-c32a-4d98-a799-ee19db83d710,60,29.52,8.74,high
dd1a3de2-ca13-48dd-b267-80b65073fc39,18,3.25,1.68,low
af14b1a3-5b40-4289-b12e-4339c98192c2,58,23.54,9.52,high
7617acf4-835d-4431-af9f-35846a3bafcf,28,2.23,3.29,low
fedea5cc-01fe-4197-a218-8b0399f3ef5a,38,16.24,8.32,high
90b5a27e-2019-4396-b533-4e645b34b36b,29,7.89,4.82,middle
1e0b60ca-6ce3-4abc-ba15-d8462e0408d5,59,23.4,8.41,high
4b2ad911-1573-4d11-903f-a7bd895f81d4,58,14.06,7.41,high
5f7af444-c257-4975-84bf-a0a65fd73eec,26,2.48,3.65,low
cdc4b038-af5f-49ee-abb5-9d0da5f676b3,47,18.33,7.52,high
78b0e132-6c61-4d09-9b01-14264cbfddf3,45,22.29,9.03,high
9ea12a1e-b7dd-4019-8ff4-68fc75ae3eb9,56,23.94,9.08,high
e5818432-14e6-477b-9545-b71bbc1595a2,50,16.27,7.74,high
8a2b43c2-755e-419a-a332-275f2fa1599f,44,16.82,9.92,high
cf03497d-fe27-41ed-af8d-17d17892fdee,34,9.93,6.76,middle
df44542d-d5bf-4a9a-93f3-0c4a717a9dde,35,8.36,6.24,middle
c9a7d1ae-cbcb-4c51-8bb2-5d9287037cc5,43,17.89,8.72,high
48d62851-e914-46a0-addf-cbb7ffa7dd7e,47,28.23,8.18,high
5bd32c3a-422b-4578-99dc-5b0c90f9de21,29,7.03,5.15,middle
9af48d54-bff2-450a-b65e-73480f4df21f,37,18.89,8.33,high
61075c1d-147e-4e5e-8acc-4ea4bec915fb,40,6.5,7.31,middle
b0905c5c-5331-4548-95f3-a09bc26ae745,42,9.87,4.55,middle
641abc31-261e-492c-a624-2d8045fdf56e,58,22.98,7.73,high
64dbadd0-cca1-48e2-bf85-c935a04655dc,63,22.03,8.91,high
b1dcee9c-1efc-4f39-acbe-19bf283f3b16,19,2.74,3.87,low
37cf6dfb-d0b7-447a-8c7c-4ee37e7a160a,28,3.81,1.02,low
3da45350-2e36-425e-ba0c-d877567ba075,64,15.68,8.96,high
93246712-12f1-4401-b3fd-a1e5d9f55381,40,9.55,7.02,middle
80b5b172-af7e-4979-9296-ed92ff8008bc,35,7.0,4.24,middle
86249c5d-0a5d-4e51-89c8-4dd23e5c7b45,28,3.22,3.14,low
5a1dcefd-93fc-4635-82a1-1a8120c71979,62,28.92,9.74,high
658a253a-97a3-4b13-83eb-bed78b001081,24,4.15,1.7,low
9147a8e8-53bc-4bc8-ad47-0041d8ccbf4e,24,3.86,1.75,low
49d521d5-5c92-4fb5-9c35-4f15507b6b3c,65,27.83,7.87,high
2026b6fc-66c5-4698-b8f7-3bcc158c5b23,18,2.4,3.41,low
eeecaf9e-1910-493d-bcee-bedb7139b84e,34,8.18,6.57,middle
adc78d64-cffa-48cc-965d-2d855d035c5e,50,28.12,7.4,high
b9f20617-ff82-4d0a-8e2c-9f1f290240b5,49,17.64,9.43,high
66c5c6b8-42a5-430e-b254-d9554a5ada6b,30,10.12,6.59,middle
a1aaad64-4427-4f40-a799-b54d6ea85ad4,40,13.24,8.01,high
54dae2d0-df69-47da-a2b4-7de94e012fa3,43,9.72,4.77,middle
4f9e6a20-4823-4926-9561-12ae347fed26,62,23.86,8.22,high
6b2fb90a-843b-4950-87ec-1765ef1cb4df,41,7.3,5.6,middle
4dd59548-84f6-4805-864f-5213f3f3545f,20,4.45,2.91,low
b299b145-0a9e-47d5-876f-ed0260809215,18,2.28,1.94,low
52d36306-addf-406c-b92c-0605a9d3ad07,35,7.11,6.89,middle
1252cc78-e9f9-4b58-8331-84f64717c906,22,3.46,3.77,low
6152d990-e9c1-4f4b-b1b3-63586b2b86f1,28,1.85,2.23,low
5c4846c8-ba6d-4f37-9e88-4c2e92a95d31,41,11.46,7.55,middle
d5e5adbc-476a-4186-a259-f9fe085d4ec8,28,9.47,7.76,middle
149ae7db-5791-42a0-a040-759fd4628a51,44,6.55,7.83,middle
2589a79e-67fb-459a-96a1-c8098964e2b9,29,8.18,7.96,middle
9b191550-f8f4-436b-b308-c3cfd879ba35,38,9.91,7.65,middle
7ebc9bc9-5ebb-4abd-b8c7-2b16f920f158,60,24.29,7.66,high
29c5833f-e2e4-4692-b831-9f9de795cf28,28,3.76,4.49,low
6845d7aa-68ba-4327-8db7-aa4d00101316,26,2.84,3.82,low
8fd02020-9fd0-46b8-a850-47114e6e785d,27,1.84,4.32,low
41eade4d-9d63-4664-9be3-f282fb8967c5,41,22.74,7.45,high
71c4e997-15e9-4e8c-8cfe-b5ee8e72f55c,41,8.09,6.72,middle
9997f214-74a1-4a57-9228-c75673cea8be,53,21.31,9.7,high
37a40928-827b-4bd9-95e6-b440f02feb36,26,8.17,6.05,middle
68d23c69-60d7-4384-ac03-70ca5edd8168,43,5.4,5.85,middle
23b1ec3c-d0ba-4c7a-ba4c-a53166f3ef6f,25,7.77,7.27,middle
503de037-aa49-4841-b180-03ff4cb52272,41,22.83,7.14,high
57c71d98-db78-47ce-a670-7d852b5a9cd8,27,8.79,4.24,middle
53422164-9e68-48ea-8275-126d3c24cf55,25,1.6,2.64,low
bad8bbe4-f34d-4542-b8df-998fec7df0c5,28,4.43,3.58,low
c80ffe21-bdf6-4cf7-a694-55e9e390ca67,36,11.95,5.53,middle
5ba4cc42-18da-4cec-8897-db6baf01b10f,37,5.56,7.86,middle
0e2179dd-8dd3-4a92-a559-295b9e31bae5,39,24.11,8.04,high
929f7cc7-cf50-427d-bb10-412bf4e2bafd,26,2.68,1.51,low
8101fac4-80e3-4b9f-a441-bc736f1a77c3,18,3.77,4.91,low
1e6ef28a-701a-4b5d-8987-0ff8042fd22b,42,7.97,5.52,middle
1c7c01d6-9a15-4d7b-9cbb-00f7bda2ff1a,21,2.88,1.62,low
bca8d3b0-0aa5-4e4e-a6e7-2d6d04e30c3c,19,1.6,3.64,low
bdb0acae-0f25-4720-a339-60c368f0efb3,59,28.92,9.67,high
20998803-1d20-4e20-b490-801bf232634a,21,1.7,3.38,low
2b78f0b1-a53c-4227-83e8-243f3f32bb4c,44,9.7,7.49,middle
e5628a55-0864-410d-8aaa-0bc2b6cea697,18,2.71,1.94,low
31d9f328-95f6-40e5-abf0-4be871501c40,18,1.92,4.97,low
9daffda5-3705-48be-a47a-f92e9edc39b6,27,2.46,3.39,low
473e0889-0cb4-4778-a5e3-ecc57e40078c,61,18.45,7.91,high
1ca93242-b8f4-4e0e-b512-77b8ace6faa9,28,3.06,2.65,low
910e99c5-1280-436e-a1ac-4efebdd9ba6d,26,8.9,6.37,middle
87a4b0e1-586d-4da3-9104-8002165227e2,64,15.98,9.04,high
e79e01b2-b31a-4f41-8788-8167c452cc8c,50,13.8,8.03,high
977c7f55-c989-47df-9ae3-39b0536f2097,56,19.48,8.57,high
cef30217-47ed-4a6f-ab39-8df78233fa91,48,19.94,7.9,high
32ba5400-b4d3-4400-8bb2-d45d5e1def04,26,2.92,4.4,low
3a9b88ac-fb42-44ea-a039-26f82323723c,29,10.64,7.66,middle
ca74e16b-6429-4554-a497-58609432170e,48,29.45,8.67,high
6dfbf649-26b2-47b0-9a6d-33738bcf3989,24,2.23,1.81,low
02dad6ed-eb0f-4bcb-9cdb-f1ab5d3f3ae9,37,28.68,9.54,high
1542ba9c-e362-41dd-8662-4cb6757c9ebd,26,3.67,1.76,low
a2d8bf9e-5294-4087-a2db-c4b1a4a6f1d6,37,9.72,6.41,middle
58399ace-e888-4496-9490-b22b86784b0b,21,3.91,3.35,low
1c8bec26-cbbc-4655-9d2f-4b098c3e8690,52,16.69,7.63,high
d8832450-cdaf-414c-8f81-7cbca949761e,34,11.7,4.06,middle
2e54b8f1-6a95-43da-9aed-e3b8761776e1,19,3.74,4.02,low
164e846a-7ec4-4d1e-9772-93e6fe225fdd,27,3.61,2.59,low
b3da75d2-45fb-4e0f-98f4-c2c7be7fd60b,26,2.46,2.13,low
25bf38bb-b024-411e-96e2-0166832032e1,42,9.54,5.23,middle
406ecd41-d3cc-4e5d-bd3e-b2ecf8b471fc,41,11.18,5.86,middle
1ed57859-f747-4f3b-9034-ec9a2dd1573a,50,25.95,7.96,high
e4313ada-559f-4eed-a47c-142d510aa1d4,23,2.44,1.18,low
2be06c63-cc9b-438d-bcc1-d3db19098e7c,20,1.55,3.21,low
58d83adc-56db-4169-95e7-05cbe424cdee,53,25.24,7.89,high
b32922fe-0f6a-4f69-bd7a-0bca578923a3,23,2.19,3.28,low
79fec7f9-5155-48d6-bbef-8fffeb40bee9,25,3.15,4.77,low
7165e778-2159-4a9d-8153-ed45675318d5,33,10.34,5.95,middle
c088cde1-0d85-485c-89d8-36a2012261c3,55,25.57,8.38,high
f78425b6-ea65-44fa-a24a-34f4768fee6f,60,18.99,7.42,high
7d4b422e-eabc-4bcd-9804-418a15d4a721,50,16.13,9.67,high
36e75d7a-d22d-494a-900c-f1550cb3d798,65,14.0,7.1,high
c8770ac3-5a49-4a62-84d2-8d5a628524cc,28,1.65,1.03,low
aeee0e34-14e7-4c24-854e-1a7e424e4b4e,28,2.19,3.83,low
51a1e4a2-ca3b-437d-95be-7390edfaa3d1,21,3.02,2.49,low
e837f5ef-7163-45c7-b94d-8b9bebcd3e97,55,24.33,8.85,high
d2b038e0-15f4-4320-acfd-970c06cde138,40,5.11,6.13,middle
b38eaedb-f7b0-4785-a0f4-767ca09c6a16,25,5.12,6.89,middle
aa7ee7a6-dac2-43a1-8194-758bb9e72b99,44,13.29,9.44,high
0ff901ab-f21d-46b7-b021-4204d1b1228a,48,26.7,9.73,high
8110c327-e198-4979-b72e-f62845b64e83,19,3.07,1.96,low
18e59729-33e7-4281-82f7-2f3d6125a1d0,51,17.29,8.06,high
18744481-1a26-4ddf-9610-8e971576858d,27,7.61,5.62,middle
d9baabe4-c895-4a3e-9deb-af92c3235ce5,42,29.83,7.68,high
d81836f1-d376-47a5-a790-f18ed3307864,61,27.41,8.96,high
91b70095-48cc-4295-8d6a-694b02b0b741,59,13.54,8.22,high
9f3e3a7f-0999-40eb-8e30-3609b6d4f334,42,8.33,6.55,middle
3ca7f15d-71b4-459a-ac2d-726e0a6e6785,40,14.41,9.54,high
8b1ca5d3-42ea-465d-97e1-ea140a84c66c,60,18.63,9.93,high
22a1cf14-cbe5-4d67-bbaf-a50dc709a7f8,26,4.26,1.92,low
473d3dec-2247-4e2b-9405-276250ae0c15,63,22.64,7.81,high
7fb93c2d-072c-4257-a486-098fd648773b,28,4.28,4.6,low
d9c2af47-acee-4d03-9a8e-fd1215cf9777,56,13.56,9.79,high
15088523-be6e-438d-9ff4-bff3ce33f7a2,25,11.73,6.35,middle
c5789fbd-e7e0-4f66-a906-41898eaff9c8,61,19.77,7.23,high
ea0e04ac-ccb6-4617-a305-4e51badda254,27,2.22,4.34,low
58e5e53c-9cfc-4505-a3da-0e366eea13a3,42,7.32,7.02,middle
73822d0e-db8c-4c4a-8a5a-3bd494fc1525,19,3.0,4.9,low
caa99f02-02fd-4c5a-97b3-7265bece1b33,19,2.81,4.35,low
01719eb9-b10e-4ddd-95ba-6bc8bbe8f467,44,10.38,7.82,middle
d84481f4-673c-4e10-9ab5-accfa81db8b1,35,5.21,5.09,middle
a5b861a2-7916-4a54-8a79-1a46663d1b10,40,6.6,6.21,middle
825a186f-1afa-4102-b7e4-817b3637df38,38,6.3,6.34,middle
b76a5eda-0538-4470-a694-fb0451d60d47,27,10.41,5.18,middle
8bf14265-06fb-4b93-9aad-3f721c7a7024,19,1.75,1.62,low
9e458d39-021a-4cfa-968a-f8b8ff8864d2,60,23.78,9.22,high
bfa71479-5061-46a0-892d-81fa66f9a2e7,36,5.75,4.02,middle
6d5169fa-a60f-47e4-86db-08523203cec6,39,7.52,5.08,middle
23d24e97-c39d-4e95-bbab-43d040be9f33,19,2.06,2.8,low
10bade72-4135-4a0d-9f89-b0d8c3f911b4,51,19.94,7.08,high
08c21694-33fa-40e0-9585-26cd282f25f4,42,5.65,6.39,middle
12b7e30b-db77-4b3c-9d4d-deda33ab4121,37,5.09,5.66,middle
48f22ac2-caa8-4760-968b-bcc72054cf1e,26,4.22,4.91,low
49f82b9a-787a-44ec-bae1-6409941693e8,51,15.88,8.14,high
677ae851-6f0f-49fa-8028-65c5efe313fd,22,2.4,2.97,low
472f2e7a-8cec-464d-aa44-c48c06a3d7cc,20,2.8,2.68,low
d3860499-84c9-411c-8890-f15f42349a23,27,7.53,7.78,middle
42d3e1e9-e24e-4478-951b-6c1bac2b2158,55,21.43,8.85,high
795645d9-c6d3-4aec-8330-aad25531f559,28,5.95,4.03,middle
6106c4d5-dd80-4616-a895-d067c575d5fb,35,10.89,5.52,middle
b5d49dda-977d-40e0-844b-a87b489b3d6c,39,7.34,7.26,middle
bd6b3c9e-af04-434f-b04e-60e372b36c0e,54,15.31,7.96,high
fccf3024-e558-422f-be64-ca938da5a779,41,21.14,7.53,high
cc83e04f-272c-41a9-8456-60ca03b2cf51,35,7.04,6.78,middle
7096cd8e-8bd5-4692-8b7d-2f5ca235b026,43,10.47,5.3,middle
0e51f182-3ea7-4931-81a7-616ab2b7a0f0,37,7.56,7.73,middle
e6deda51-deb5-409a-8941-90db801f008d,27,4.49,1.72,low
2bad0a73-4bc6-4f29-8b80-04a448ecd3f0,35,29.2,8.38,high
f8a82287-6546-4cc5-9722-8b72531b9e40,41,20.45,7.87,high
3644998e-d3f8-40de-b2a6-a7aab64bfd6e,37,26.92,9.39,high
19f46a59-afec-4e57-b0c8-7abe04df9d6c,40,5.97,5.21,middle
93412d32-2141-4ca8-962d-7e035cd991a9,29,10.01,7.16,middle
31626535-fdba-4922-9215-1e2a6e7a0962,25,4.47,2.92,low
957d1f43-3cc8-4eca-a95d-81b8462daf17,42,8.55,7.68,middle
5d90f9e2-5998-4370-b382-4e20b542bd93,48,22.24,9.37,high
7e6bdf34-e52a-404f-abe4-436393332f58,42,9.16,7.66,middle
e22608c1-2996-4222-a9c2-c8d5f7bc9cee,21,3.47,2.42,low
25399952-35a4-4df9-ab82-be9afb76ee1d,54,13.75,9.95,high
3163380b-a2cc-455f-825d-8665d78bda63,55,19.79,9.26,high
b5491603-b394-4b34-8b3f-393bf7963041,28,5.07,5.03,middle
cfefb0ad-106e-4bcd-99ff-c304ff7f2404,58,21.82,8.74,high
d875cf5e-7ff6-4a27-b18c-f74c87007ba7,42,20.58,8.17,high
fe9eefcf-c70f-4d1d-8e9a-6bd3b8ce5d79,53,24.74,7.45,high
1e1a6f75-2c33-4d56-a443-39374d61ac44,25,1.81,2.66,low
338b3406-7248-4712-b432-bd1ee96fe66a,19,3.99,3.92,low
aacf503e-01c8-4803-af62-a3cb3a38e27d,34,7.4,7.14,middle
1341ebff-2b8c-4743-9c70-2ed1318a4e0c,50,18.92,7.29,high
fe039740-4eef-4e48-b507-5eba3b9e79c1,57,20.69,7.2,high
a37368d8-03ba-445e-a5f3-f07dc3c63bae,19,1.57,2.37,low
68faeb56-7985-4404-9c60-dadc8969e11b,28,3.9,4.72,low
690e2d53-d856-403e-a255-4d9a0c940ba2,42,21.77,8.66,high
456fe486-b5c4-4a2e-bd6e-7579b80f0e81,42,7.98,5.85,middle
62e36d9e-00d1-4496-96a5-b880632f5cbb,45,6.29,6.56,middle
faaeb860-afd9-4bf4-bb7d-db8114c3302c,37,5.2,6.46,middle
2e55e349-af26-4854-98af-99cb0a196866,25,3.28,2.56,low
13d708ad-b702-4802-b0b8-b1953f768e2f,41,16.5,9.26,high
ce1e1da0-476e-4e9e-9b53-4bacb63975e7,27,1.81,4.49,low
d34a5e17-aa9b-431d-94e9-3a790e3a782c,23,2.48,2.83,low
5a227b44-7929-45fe-8785-5bc9d058dee2,40,8.69,6.56,middle
8618115c-15df-4ad7-877c-f267daae4ac7,47,23.39,8.76,high
e911afa3-de57-4caa-a502-d82488602624,36,10.92,6.47,middle
a63d5ffb-c3d9-418d-8d67-0f29237c06d5,57,26.61,9.76,high
3ba0061e-cf0d-4506-b91d-c3edd5eda4a7,37,24.43,7.94,high
d0170cee-1b5e-4065-8ad6-286a6ba6e4a5,22,1.85,2.49,low
1f04d0ad-6489-47b2-a9e6-76bc2c806dc3,26,2.67,3.39,low
c5202b9e-6709-45df-b1d3-6d344f761d3e,47,20.19,8.46,high
191edf79-9dd4-442b-8528-d0213c268ef5,57,28.63,9.79,high
82788773-bef5-40aa-a749-3f85fa3fe670,26,2.0,2.16,low
40189a04-fb3e-4c4e-83c0-278d7d514a55,23,4.03,3.48,low
bf5d0810-c986-4082-845f-4019406de0a7,25,8.39,4.78,middle
a564c40f-202d-4505-aa1c-cc9a135dd4ed,42,8.54,5.98,middle
9f12aac0-7af7-40a0-aa8c-a04d70ba5a15,50,20.07,9.52,high
6f62fa10-4a84-4e63-91d0-243099286236,30,5.58,4.12,middle
9a067f44-3a76-4dd4-bf4b-acca1e1e055b,22,1.6,1.9,low
0e8de850-0021-4375-a01f-fdc6e55c64d6,30,10.47,6.26,middle
9847f857-9ea2-4a4a-9436-5fcdfbdb598d,42,8.58,6.29,middle
700b0b6e-884d-4da6-86e5-a4ac497e2805,42,10.76,5.47,middle
cc60dc74-01f6-46ce-aaba-d7717a7318b3,25,3.14,4.96,low
4982e35e-3385-4618-9a33-57c3e67a6b22,28,3.75,2.19,low
f25db70e-ffdb-473b-9f62-6f1974625d6a,25,2.29,4.45,low
59a5f743-551c-4d48-b2ac-044112addaa8,25,4.1,1.47,low
41e395cb-fafc-44cc-a1e6-0d5bbdb3c880,21,3.93,3.35,low
e335aeb3-5846-44db-84ab-e3168c882a4f,44,9.43,4.66,middle
60831e00-f0c1-47bc-9928-494704fc12f2,21,3.94,4.22,low
3f1d9203-86ef-405a-abc9-02f760e4bd03,46,22.05,8.79,high
03ec7197-7b2b-4e25-88dc-f3b0937a0015,23,4.44,2.17,low
c4fad9dc-96d7-4f62-a8ae-ec2f99548293,43,29.19,8.54,high
ef2b7ad7-6775-4394-9b99-5b35c731a0ec,61,14.62,9.89,high
dfcccb41-0353-43fb-9cdf-c9354ae3ce5a,26,11.95,7.47,middle
10dfe4c8-ed75-4618-b418-217e55829a89,20,2.25,3.85,low
ced40c7f-fb9f-48e0-a8c5-ba34316aa4ea,28,2.68,1.57,low
78ff1939-f0d0-430c-828b-b549e0c89499,43,23.67,8.13,high
e78e48a1-736b-44b2-be9a-7f6096acedcc,28,3.88,4.08,low
1a9d2c6e-dcbd-4d48-87f1-c77720b84a48,41,10.25,6.78,middle
fca4d9a6-2625-4572-b4cc-6795cf9c06cc,39,11.65,5.31,middle
14690476-04a8-4d13-9d14-d88af5aef94e,19,3.69,2.83,low
52e7a12f-1c15-4ee0-a0a2-0b20f9192dcc,57,19.09,7.19,high
e27bbb0b-7fb3-43f9-96c0-3d48041ce276,47,16.7,8.29,high
5cfeabf0-7987-4fa6-9871-575342e94c3d,25,2.31,4.31,low
cac8d3c1-0bc6-4bf3-bc53-63c9d35f3da0,42,9.05,6.26,middle
78d10a4b-7e59-4fe9-a9ea-9bbe97b0da4f,35,11.26,7.05,middle
63fbddc5-8385-4d59-811e-d6441a0df404,19,3.38,4.35,low
e3bcfafb-3571-4206-b63e-bc64a02fe700,19,4.29,1.63,low
fb4f5074-c9e4-4ed3-84c3-5d0d39138572,25,11.94,5.71,middle
fbe7e49b-e074-44a6-8003-f3158c5a7446,64,15.24,8.95,high
5b0d2ad1-c0fe-4e29-a0d3-0bc3a0fd0bca,22,1.78,2.44,low
1b7a3728-e273-4619-a0a2-7ac93b07e842,23,3.49,3.6,low
5f1493b1-3fa3-4357-a0cb-b692cbb738f5,24,3.38,3.9,low
7d246b33-9db4-446d-85de-54b991775cf5,24,3.47,3.81,low
ea111897-d5ed-463d-ada2-5d900d0b7165,21,2.93,1.53,low
56aec06d-71c7-4b71-a4cc-4aa511af82dd,26,3.54,1.04,low
0c71bb15-cc90-4ec0-ae87-25a6bfe7b7fe,45,26.89,9.96,high
e13ab004-cf43-4a73-a33f-9472b0ae3bd1,29,8.34,4.92,middle
51152364-1122-439a-8cda-a1ad7999d1ca,19,1.81,2.47,low
ae473578-6d34-441a-8767-7ed32ad7530b,29,7.68,7.25,middle
b255f618-c5d7-441a-9d5c-17a8ad096e85,28,4.48,1.57,low
94db9ead-89d1-4883-97ed-43c5fbbe060f,53,13.14,8.95,high
0fb3e7e4-adc7-4d29-a12c-228159d073d2,36,10.06,6.51,middle
e591b46e-90c7-4367-88f4-be036f1775ac,24,3.35,2.77,low
5ced8ac4-8fb3-49de-aeb0-4dfcbb2f15d4,19,4.19,1.56,low
bdc337ba-c29e-43f0-9f59-a382c1d9b670,27,3.69,2.41,low
2bea6a45-3b08-46fd-b2e2-50b1f7ee6674,35,10.54,4.99,middle
3f1f6efb-3383-4e3c-83e1-4a64cf122e4f,37,17.22,8.8,high
175ead2d-f311-4563-b2a7-f31b90b8a2c4,54,17.84,9.82,high
1c000fae-f9f9-42fb-9b28-a903ed98025b,28,4.13,1.82,low
673d7810-338d-4f0a-b0d9-3c0f052e2185,51,16.21,8.18,high
291ec86e-2967-4e20-8b80-f032e82d1800,36,26.32,9.38,high
84e3c075-1b70-4662-9fbe-0108bf67eeef,25,2.66,1.96,low
07b03d3e-4049-41b0-ac5a-723a3a06cbd8,54,14.21,9.67,high
6a285dc1-ec6b-4c9c-8dd7-6b30527ba545,23,4.3,1.53,low
f32c2f31-4b01-46a9-bbb7-999dfd69bafd,48,19.21,9.05,high
d87a74a9-5454-4197-927f-26ed16a9728f,27,5.12,4.27,middle
b0a3ce63-8383-4cc9-8e4d-781f68a9777a,31,5.28,4.24,middle
0930fe93-2b60-40a8-abbf-902e620a77be,41,7.01,6.85,middle
684c2f15-806e-40e2-8a1b-32fd7c8e64c2,38,9.91,4.33,middle
fb5a28d3-5263-41cc-b23a-7a266ca71929,52,23.47,7.83,high
e1aeabad-7a2a-492b-94dd-edfc14b0bd95,27,8.58,4.81,middle
78948da1-de6c-4f70-9369-afe9edf2311f,26,2.48,3.35,low
f79aabdd-9bf4-4700-b9a7-6978cd90070f,56,23.93,7.93,high
6f4e064a-fb32-46f7-ad4a-c1553c53d415,32,5.41,4.34,middle
d4b592a1-d2ea-4f21-8959-892f4a05f470,28,8.17,6.44,middle
9a026d4b-d9e5-4088-b5e8-7d481e6ddb9f,30,5.84,6.83,middle
0e210508-bccd-4c87-b2d6-545cf1e5867c,35,15.79,9.86,high
4e6af19c-f281-4331-a6d5-671088b311da,51,26.31,9.16,high
2c03107f-0f88-4475-be5e-0224f2fd02d3,23,1.88,4.12,low
c28d6b9c-950e-4266-a551-557ddfdb4d87,28,10.4,4.12,middle
71e94897-3b13-40ea-a29a-423e29d562b5,33,8.67,5.05,middle
0519b0a6-4360-4e33-b083-f3a070e078a3,55,14.31,8.37,high
e6441a61-d976-4549-8a9c-e7ca59cd7749,26,8.5,6.27,middle
3d0598d6-5fad-4b90-b493-e6c7a60b34c3,30,6.79,4.41,middle
dab8dd34-b963-4b20-b800-d2a8bed8bcd9,56,25.29,7.69,high
28d23b14-c678-41c6-a0b2-1acafef51f1a,35,13.75,9.59,high
57bccfa1-d73a-4c60-b215-7868a849cebd,18,2.92,2.53,low
d6cbec83-6048-49ba-8656-402dba4549b8,20,4.29,4.43,low
4d0a27cb-bb35-438c-b2ce-4f9494a1fe54,60,28.54,9.22,high
ec9303c1-1145-4eac-a76a-781b7d4768cd,32,7.25,5.67,middle
b4cb561e-7d74-49d5-8635-86a02bf476d8,45,17.61,7.23,high
828b363f-e426-4810-b9d9-75085877eafc,28,8.51,7.61,middle
3e028092-2270-4d9b-ad65-383f4e214e03,21,3.91,4.93,low
e465107b-2e06-455c-8890-4261e064f8e2,27,11.14,7.46,middle
b81fcd86-df14-4827-a6b5-341862244151,35,5.6,5.83,middle
db206998-c140-422f-9961-6494e12f0c1a,31,7.04,7.14,middle
beff399f-3868-4bc0-bbc2-f5bab5499b3d,54,17.12,8.1,high
b0d0f1eb-b4b3-4c0d-a79f-519156e357e2,31,10.13,6.19,middle
fd545291-c435-4e88-a494-f36a9b5f8f23,20,1.52,2.64,low
546c784a-d159-4d4b-9d83-0c09eb76d80e,26,2.54,4.36,low
1817a3df-2ec9-4af3-9aff-fe7605ce7214,23,1.5,3.63,low
0ba599ab-ceab-4976-a0ee-798b3d70e84e,58,18.23,7.62,high
2e2c5e47-9468-49a5-be33-ed44c279ab6b,24,2.98,1.24,low
6d6cb4fc-9c6a-4feb-9607-20926f710e79,22,1.78,4.69,low
313fa7c3-21ee-4314-889e-c5e08db7dad1,48,24.91,8.12,high
9b400fc0-8fe9-4bc2-b088-91072ff5f3f0,37,22.87,8.52,high
9ef25bbc-dd1a-49f7-a245-6920d8e7e6f2,61,19.7,8.78,high
17f26059-5017-4270-bd3c-4b0dadef9cab,24,3.49,1.52,low
12e4b103-fe2c-420c-a210-1770764c8a9f,33,10.96,7.7,middle
433f39bc-1595-4325-9e42-1dfd9a5bba40,35,7.23,5.09,middle
0ef7c023-30d1-4515-b670-48f12eb03441,21,1.91,4.08,low
36109003-8fcf-43db-9057-b285054f5236,20,1.82,2.8,low
50c3f66c-5bcd-414e-8b25-0e43193f950a,38,5.85,5.43,middle
ee7faca9-da28-4288-8ef0-68980da0c992,25,2.42,2.06,low
fb7cf48c-8fcd-4b1c-afa2-31bc11732def,19,1.97,3.74,low
614e5d11-edc2-4a1c-8889-04a23aacac6a,57,23.26,7.65,high
089cc540-e19b-41ca-9705-ad3aa7ae0d1e,29,5.64,4.99,middle
413135b9-126b-47b6-9785-2e3d8249c062,37,8.59,6.71,middle
fca62f0e-140b-4610-806e-cf6f40f95d04,30,5.22,5.62,middle
b17db220-88ef-4126-993a-30b5bff34b91,42,10.24,5.0,middle
68df8c56-2cc1-4369-9f8c-4bb3a29a62a5,28,10.63,4.56,middle
ec217853-ef61-411a-8cad-a13ebf836d54,18,3.99,4.93,low
d0a0a336-58d7-4c3d-ab20-146c92814f0c,21,3.97,2.49,low
4cfcf1eb-651a-4303-b2d3-4c6173a8cb51,65,23.96,8.75,high
c2a8ab81-2abb-40b2-ade1-0e0388496cfa,27,5.15,4.26,middle
46def63e-86b0-4d7d-8d58-166db410b07b,49,26.76,7.28,high
3683ed79-8cc9-4d13-9643-0527a0ddebc4,28,5.3,5.84,middle
933a4c64-7017-42cd-8d5b-95f64ef88dc8,27,2.8,3.9,low
84e07a81-34f1-4051-92ae-3eff951b418c,25,7.68,5.71,middle
6c02192c-24bf-43b5-b51a-eb13228fa748,31,11.36,5.1,middle
54c6e733-0bc3-4e0b-a745-6ec82d51572e,29,5.24,6.48,middle
584d767b-6472-47b8-99f5-538b88fcb511,28,2.39,2.65,low
af7a0b55-fff5-4402-b385-49ff8f225280,50,14.04,7.84,high
423d3468-b845-4561-ab18-b6df9a26f7b3,24,2.1,4.54,low
16288416-c41c-4673-8038-27165e280da6,42,23.72,9.41,high
9ec76577-a0df-4f4e-b8f5-bc9b2e869b92,24,3.85,2.44,low
0bc31823-9fd9-47d7-b4fa-f4cb8f4a3a5d,60,21.24,9.74,high
5443d4ad-1b7a-4653-a0b2-d43bb4ed8a9e,45,19.6,7.54,high
7351ec0e-2eae-4e00-a0b6-55d77b47b8d8,44,6.53,7.58,middle
8eb5ee26-8f1e-45ca-b597-2a03c5301e8a,26,10.66,5.89,middle
c7b0c70b-620e-409c-bf4e-c07daff01b58,43,12.0,7.9,middle
14fe9ba0-f405-4c7c-8fcc-08e4ca6dd3a2,21,3.47,2.07,low
e532d724-cbed-4581-9c70-4d954adab684,36,25.99,9.84,high
3e6be5c3-b02b-45e1-b231-88ea954913d9,62,29.71,8.17,high
a6ceceb6-2871-470a-8b7e-6ff93c9bf96e,20,2.21,2.27,low
fc51dcfc-df67-417c-a4d3-bb5dc64b8de1,57,19.1,8.77,high
030329b4-c747-47e7-b0fe-ed69605dbb6a,57,18.98,8.7,high
59c377a2-4ed5-4cbb-b258-2f4a8f8caee6,27,4.35,4.35,low
8e728c68-8f31-42b7-af85-e222bf9e0cc4,42,7.16,5.96,middle
4bce085f-54ed-438d-aa82-a53e56df130d,18,2.2,1.88,low
60d8466b-e8a4-4078-9055-3fde00a879dd,50,13.01,9.75,high
21cc81cc-3a14-4b3e-9fbc-cc70f488aaaf,20,2.52,1.71,low
6db6166d-9f8f-4148-a3d7-10a8e0add4b2,26,5.15,6.35,middle
86db485d-fd89-48be-aa0b-a081794ed5b6,19,4.04,4.44,low
7206aac4-076b-4eb3-91c9-0e1b21d74f21,23,3.61,3.65,low
376707bd-02bb-4581-bb86-622acc72c4ba,38,18.72,7.97,high
4f994477-978b-4ce5-8551-112ff8e8f86f,24,3.88,4.84,low
a5d004a6-46bd-4b8a-a96b-0c1935067363,45,15.96,9.91,high
7a4a5039-d254-4f1f-be84-8c7d101b3b48,63,28.79,9.36,high
1834227c-2874-48bb-a963-0756e452ff92,28,3.27,1.7,low
18b12504-59a9-4ae6-85b0-1bd383bbbefa,34,5.89,6.92,middle
387cc92c-e182-4127-ad85-a709c483ba10,65,22.74,9.55,high
b5c21c9c-9d79-4eaa-bcd9-09efbcf65e73,36,16.1,7.95,high
6b7bc38e-c3dd-441c-b2b9-8bfb1cd31e40,42,23.87,7.31,high
a8657268-4c75-4ac8-9bbd-692d62abee48,29,7.32,4.31,middle
6d2a8e31-d03c-4f16-9497-2ed366a13b3c,35,6.18,7.54,middle
4458842c-94bb-4eeb-a7a4-7533a2058526,28,3.42,4.55,low
e7df6ecc-4efc-4e97-9b49-c523fb6d85d0,25,6.86,5.0,middle
114d7ee6-6d2c-43d3-abac-beb6d010aeba,23,2.27,1.43,low
109c011c-c8eb-41ea-b49b-c7bdff262f63,18,2.66,3.93,low
16b473a1-bcd5-4016-b5fd-04bae4d466e4,24,2.98,2.51,low
d4f3ea0b-45d6-4076-8a4a-26cd9406980d,47,14.72,8.44,high
b76e84c1-9ab9-4553-9901-26c9f761ef46,55,25.89,7.68,high
b4c80696-7a55-42e2-9b4f-4ef02d9ae55b,27,10.59,4.13,middle
743b87d8-e6ac-43bc-9a33-b85989ed71ac,23,2.28,1.42,low
b6082a0c-25de-4daf-a247-ea34e1ce234d,30,11.22,4.64,middle
612ad2d9-bc55-48d2-8943-81e674d471cc,26,4.33,4.91,low
fdaf7e67-1058-42f0-b0d6-5441cfa940da,44,11.9,7.57,middle
7c5dbe46-6516-4d8e-8b09-e857c438549a,35,20.33,8.96,high
5e1c6d2d-748d-42cb-acc1-939381bdd1be,63,20.38,7.16,high
306f1c66-b67b-4566-a19b-25a9718895f5,31,11.82,5.64,middle
a325e845-f381-4081-b8c5-e7b1b164b317,58,28.73,8.62,high
68d8e176-04c1-4e98-b9bf-368aa06bc18b,44,18.06,7.29,high
b9f91714-1670-4528-a8ec-e0e9be7419e6,43,8.85,5.96,middle
80f2daed-e531-4361-94ec-040797c142ca,23,1.51,1.35,low
91e4b79e-8d42-4416-be93-70952fe8e2c0,55,23.2,7.6,high
a6e4ad72-28a4-474e-b431-c76d2acb9563,21,2.01,2.17,low
3cf33791-7fe1-4c39-bda5-b8d8f284968d,25,4.03,2.23,low
a2c575cb-f7f9-4231-bf60-485fd08ca0b2,40,8.42,6.64,middle
023333ee-287a-46ec-94e4-22c77f13c9f4,28,3.13,1.74,low
1e7fe530-2100-4b58-961c-3b08d77c9024,36,6.31,4.18,middle
097b1528-8031-4fcd-bee8-9a1223c08160,39,6.84,7.35,middle
0cbb47f3-fa24-4845-9a39-4adaf32ab659,36,15.57,9.09,high
62cb15f6-6a9f-4ee7-8ece-d80eac8bbcc0,19,3.5,4.23,low
368bb258-6542-4d5c-a40e-db130c81beb4,43,6.59,4.24,middle
116bd81d-ea0e-4599-9a1e-f1a78cad6fa3,41,7.93,6.14,middle
773a792f-67f5-410d-b3a4-3ce6c37e2e89,43,11.17,5.91,middle
e1eb985e-651f-409a-879f-c72ef026c9be,24,4.21,3.86,low
ac01caa8-fc30-472e-97df-f50a5fca6f82,53,28.31,9.4,high
f4dc302e-a4f1-47d4-a4ed-7b2bbb92a658,54,15.51,9.85,high
0b04cc03-c26a-44e9-9fe7-e8db153af563,30,11.64,4.67,middle
5c7f0958-0053-4e1c-ab12-8020f2eedf5e,21,1.88,2.69,low
7c9a328d-bcb1-4d28-891c-30f3565481ab,48,16.43,9.47,high
d397adf6-7806-41ec-938d-c0f5efc86260,27,2.27,4.64,low
c36be0da-c74a-4734-9610-38e13c39fbd7,19,2.66,2.59,low
79b23ca6-8043-43e2-8513-934853d93dc3,33,8.64,7.67,middle
1229262e-ef65-4878-9d62-d955f3bed0a7,27,3.26,4.13,low
50810cd9-feb9-43f7-9a74-bea97db90940,24,1.95,3.27,low
52ed006d-4df1-498f-a535-779400a19828,59,29.4,7.3,high
f15ce078-6a8f-449c-bb3f-54b408932551,27,3.84,4.14,low
afdb00a5-ac5f-4b50-9bb4-a013a51db927,63,18.85,8.23,high
e78e5509-0291-4e37-9c98-819038adcf4f,45,8.4,6.44,middle
93734c35-927d-4365-ae68-4f92fcce1eff,20,2.33,1.58,low
abdd250b-bd7f-457a-a1df-d12a14c4be13,56,24.79,7.12,high
bee2e458-39ab-4e6f-ab72-dffbec6affb4,32,5.35,5.9,middle
248bab28-69a9-41ee-bd9a-955899f439fd,36,5.14,7.27,middle
c76ad79c-268c-41cf-b66b-894056709032,34,6.96,5.97,middle
99bb6efb-7b69-4c14-954c-e4001f8607ed,56,14.67,9.61,high
4c983b0c-6ada-476c-bfee-d6ed9d3bdeb0,22,4.42,2.77,low
fcb97800-0501-4680-91a5-ffde482e64f9,33,10.1,6.42,middle
2961fb21-1406-4c65-87ca-8a2400c620dc,21,2.83,4.65,low
59740328-6c3a-4aad-b93f-2d5bd9d90944,40,10.32,7.47,middle
570017b0-5a04-4756-956f-e816ba0d04fa,26,3.87,1.26,low
9d072cb3-be08-445e-8e1d-c97a906640aa,51,19.86,9.34,high
67c3024e-102f-4d7a-b0f8-20630b0f8886,63,22.67,7.52,high
51ef8184-7c71-4feb-9417-bf7ea5867321,18,2.25,2.83,low
f7608ab1-e305-40d0-934e-1493a5a72757,31,6.92,7.29,middle
c90178f0-2370-435b-90a1-6fbe35a878bf,47,23.8,7.37,high
f075b60a-d055-49b6-9abe-6f5b7d8211be,21,2.62,3.38,low
4d841264-6767-4a4f-add6-c855f6d89cb5,25,3.26,2.4,low
46e8ad6f-5c14-4b2e-b1c6-090b1b4a0244,22,3.75,3.76,low
bd901d51-ab57-406f-a5dd-891114046204,25,7.71,4.65,middle
fcef62f0-1fbf-4668-9e8d-77a1c89edcb6,59,29.4,9.57,high
65d4ec73-7271-43c5-9e9c-7ea1aa120f20,42,24.52,7.81,high
54c42494-c171-412f-b3e1-cc15e31722a8,41,5.14,7.12,middle
3beaae02-6c54-4a1b-b8b7-257d273ca047,35,21.06,7.4,high
681b7055-874e-4d06-8748-ede49f2a9625,27,3.9,1.9,low
0d49b548-ba6c-4b5f-8799-0eabd658a799,60,29.03,9.14,high
5ef400cc-7133-4138-8810-77a6b33d2bf0,55,17.68,9.69,high
9a612094-071f-448c-b279-51cbfabb5e33,39,6.76,5.87,middle
1d4d2cb3-3ceb-471d-91ca-af33f4e691bf,51,27.01,8.19,high
d802f1e4-9684-4aa9-b3ae-8fa344d3cdb2,18,3.03,3.65,low
19e1427d-59d6-4c7c-9404-671049a8e66d,42,9.53,6.44,middle
bc7ce0c4-12b8-45f4-b9b8-cbdd21be96d2,28,8.37,5.35,middle
128a4efd-47d6-435c-8469-4c3bc90bcda0,45,7.28,5.11,middle
18751236-3fb0-42ed-ae6c-9c6aeaf2c0d2,57,29.19,8.95,high
ebd5793e-72c5-4b45-9cf8-3088875049b5,20,3.05,1.96,low
d83584d1-4897-4e84-8b18-205b40aff69b,27,2.71,2.28,low
25d32a13-0f03-42f6-b168-10d8eb8c8a31,18,3.47,4.99,low
34bfc221-0ccb-4bde-900f-c5a838e78646,38,7.83,6.95,middle
811de6f2-d154-4891-bb67-d5e8912cc925,57,29.91,9.45,high
81708e23-d892-473f-828f-405039976c13,32,9.8,6.55,middle
594468e3-2703-43de-8f7e-baa88b05d0c4,36,8.55,7.38,middle
e189b166-130d-4b0d-ad83-ce09a82356f5,63,22.49,7.88,high
c332f85c-15f5-47f2-8f99-d1f00eb6a983,29,10.19,6.9,middle
9ebcef60-d8ae-4022-882c-d6ae378c30ea,59,28.51,9.84,high
5f6905b7-3094-4218-8985-7c69d60893b6,45,5.63,5.42,middle
fadd4de8-5a23-4022-bba0-d2f5ba348577,62,18.22,9.36,high
3b5a8c33-19d7-469d-9818-f391ad1cbd8e,36,6.82,5.18,middle
c69cf9eb-626f-4b23-b322-7ef4bd5c16e3,25,1.66,3.54,low
de7fcb49-b49b-40f3-b985-e0b29213dab1,65,23.55,8.42,high
5fe51320-31cd-4cfb-90b0-72d6256713ee,26,1.86,3.72,low
82dd6317-fd51-439e-95cf-e0d0399abdbb,44,20.02,9.61,high
4c21dae9-ddf6-4b02-ba6c-de0918acda87,20,4.48,2.37,low
b8cc9891-77af-434f-934b-32c1b84bf4dc,63,28.41,8.37,high
117fb0d5-55ac-49c4-9e0b-1e510c188ce0,30,10.45,5.95,middle
cc33739e-40ea-485a-b962-81fecb0e234e,40,18.33,7.17,high
e314940a-fd0f-4e5a-9997-2b7fb4034cb6,33,6.47,7.09,middle
f65845a7-72c5-413c-a1dd-75330070306f,59,15.69,9.36,high
b1934f5f-6f3e-4074-b129-c931640b3998,20,3.34,3.53,low
22348d03-e49a-427a-b7da-0a646f1e07f9,38,11.76,5.53,middle
